first_name,last_name,email,username,password
Lorianne,Nottle,lnottle0@wp.com,lnottle0,VrQpmk
Cleopatra,Melhuish,cmelhuish1@sphinn.com,cmelhuish1,aBWHOF7Vsoe
Juditha,Cashin,jcashin2@google.it,jcashin2,knliqeYs
Missie,Kira,mkira3@joomla.org,mkira3,htVrh7Tiq8tV
Major,Searjeant,msearjeant4@reuters.com,msearjeant4,OkOWTAfm
Guss,Graeber,ggraeber5@noaa.gov,ggraeber5,0nSQPF
Minni,Grouse,mgrouse6@symantec.com,mgrouse6,ObTKyUgn0qFv
Geordie,Eagland,geagland7@wix.com,geagland7,jp1ZCl
Haslett,Waylen,hwaylen8@youtu.be,hwaylen8,pTJiF6yUvRP
Nikki,Hance,nhance9@jugem.jp,nhance9,gm6AWQ
Tyler Gavrity tgav@hotmail.com tgav 1234
Jon,Dew,Jdew@mountain.com,DewDude,1234
Tyler,Gavrity,adfhg,shfgd,
Rick,Morty,rick&morty@raygun.com,PickleRick,12345
Brandon,Martinez,bman@gmail.com,WildRide,09876
Ajani,Levy,AjaniL@gmail.com,ajanL,12345
Samuel,Akins,sakins@mail.com,sasm,12334
Rio,Macaw,blueboi@gmail.com,cawcaw,12345
Nick,Herns,HernN@gmail.com,HernHern,837456073
Mario,Sir,marioS@gmail.com,Rio,12345
Miro,,,,
